record,time,latitude,longitude,satellites,altitude_m,time_diff_s,distance_m,speed_kmh,is_stay
1,1900-01-01 01:00:00,21.07359166666667,105.77632166666666,9,15.0,0.0,0.0,0.0,False
2,1900-01-01 01:00:10,21.07364166666667,105.77637166666666,9,15.0,10.0,7.58995442563639,2.7323835932291,False
3,1900-01-01 01:00:20,21.073691666666665,105.77642166666668,9,15.0,10.0,7.589953339224975,2.732383202120991,False
4,1900-01-01 01:00:30,21.073741666666667,105.77647166666665,9,15.0,10.0,7.58995224984471,2.732382809944095,False
5,1900-01-01 01:00:40,21.07379166666666,105.77652166666667,9,15.0,10.0,7.589951167154955,2.732382420175784,False
6,1900-01-01 01:30:50,21.06634,105.77629333333334,9,15.0,1810.0,825.1105394830436,1.6411038354358878,False
7,1900-01-01 01:31:00,21.066390000000002,105.77634333333332,9,15.0,10.0,7.590123327667341,2.732444397960243,False
8,1900-01-01 01:31:10,21.066439999999997,105.77639333333333,9,15.0,10.0,7.590122243621043,2.7324440077035757,False
9,1900-01-01 01:31:20,21.066489999999998,105.77644333333335,9,15.0,10.0,7.59012115728786,2.73244361662363,False
10,1900-01-01 01:31:30,21.06654,105.77649333333332,9,15.0,10.0,7.590120069140735,2.7324432248906643,True
11,1900-01-01 02:01:40,21.076233333333334,105.76820166666667,9,15.0,1810.0,1375.8953959132348,2.7365875277832297,False
12,1900-01-01 02:01:50,21.076283333333336,105.76825166666667,9,15.0,10.0,7.5898801683279125,2.7323568605980486,False
13,1900-01-01 02:02:00,21.07633333333333,105.76830166666666,9,15.0,10.0,7.5898790812543195,2.732356469251555,False
14,1900-01-01 02:02:10,21.076383333333336,105.76835166666666,9,15.0,10.0,7.589877993658967,2.732356077717228,False
15,1900-01-01 02:02:20,21.07643333333333,105.76840166666668,9,15.0,10.0,7.5898769076506625,2.7323556867542385,False
16,1900-01-01 02:32:30,21.07020166666667,105.77620833333334,10,15.0,1810.0,1064.643555528386,2.117523093868613,False
17,1900-01-01 02:32:40,21.070251666666664,105.77625833333335,10,15.0,10.0,7.590033232882646,2.7324119638377526,False
18,1900-01-01 02:32:50,21.07030166666667,105.77630833333333,10,15.0,10.0,7.590032146170571,2.7324115726214058,False
19,1900-01-01 02:33:00,21.07035166666667,105.77635833333333,10,15.0,10.0,7.59003106116303,2.7324111820186907,False
20,1900-01-01 02:33:10,21.070401666666665,105.77640833333335,10,15.0,10.0,7.590029974682619,2.732410790885743,False
21,1900-01-01 03:03:20,21.067908333333335,105.77731,10,15.0,1810.0,291.43322742155243,0.5796461981865131,False
22,1900-01-01 03:03:30,21.06795833333333,105.77736000000002,10,15.0,10.0,7.590088394797929,2.7324318221272548,False
23,1900-01-01 03:03:40,21.068008333333335,105.77740999999999,10,15.0,10.0,7.590087305734124,2.7324314300642847,False
24,1900-01-01 03:03:50,21.068058333333337,105.77746,10,15.0,10.0,7.590086223884591,2.732431040598453,False
25,1900-01-01 03:04:00,21.06810833333333,105.77751000000002,10,15.0,10.0,7.590085136344621,2.7324306490840637,False
26,1900-01-01 03:34:10,21.066683333333337,105.773915,9,15.0,1810.0,405.4235635343758,0.8063673086871562,False
27,1900-01-01 03:34:20,21.06673333333333,105.77396500000002,9,15.0,10.0,7.590111597810044,2.732440175211616,False
28,1900-01-01 03:34:30,21.066783333333333,105.77401499999999,9,15.0,10.0,7.590110510369227,2.7324397837329215,False
29,1900-01-01 03:34:40,21.06683333333334,105.77406500000001,9,15.0,10.0,7.5901094256562915,2.732439393236265,False
30,1900-01-01 03:34:50,21.066883333333333,105.77411500000001,9,15.0,10.0,7.590108338598624,2.7324390018955045,False
31,1900-01-01 04:05:00,21.071835000000004,105.777725,7,15.0,1810.0,664.0991736979117,1.320860234979272,False
32,1900-01-01 04:05:10,21.071884999999998,105.77777499999999,7,15.0,10.0,7.58999756265213,2.732399122554767,False
33,1900-01-01 04:05:20,21.071935,105.77782499999999,7,15.0,10.0,7.58999647924749,2.7323987325290964,False
34,1900-01-01 04:05:30,21.071985,105.77787500000001,7,15.0,10.0,7.589995392736751,2.73239834138523,False
35,1900-01-01 04:05:40,21.072034999999996,105.777925,7,15.0,10.0,7.589994304594635,2.7323979496540685,False
36,1900-01-01 04:35:50,21.078085,105.77776666666665,10,15.0,1810.0,669.8320177788471,1.332262576797707,False
37,1900-01-01 04:36:00,21.078134999999996,105.77781666666667,10,15.0,10.0,7.589851987792652,2.7323467156053547,False
38,1900-01-01 04:36:10,21.078185,105.77786666666667,10,15.0,10.0,7.589850902016951,2.7323463247261026,False
39,1900-01-01 04:36:20,21.078235000000003,105.77791666666666,10,15.0,10.0,7.589849813397003,2.732345932822921,False
40,1900-01-01 04:36:30,21.078284999999997,105.77796666666667,10,15.0,10.0,7.589848729637475,2.732345542669491,False
41,1900-01-01 05:06:40,21.080458333333333,105.76585333333333,10,15.0,1810.0,1281.1433386520148,2.5481303973189244,False
42,1900-01-01 05:06:50,21.080508333333334,105.76590333333334,10,15.0,10.0,7.589778055811837,2.7323201000922612,False
43,1900-01-01 05:07:00,21.080558333333336,105.76595333333334,10,15.0,10.0,7.589776966679469,2.732319708004609,False
44,1900-01-01 05:07:10,21.08060833333333,105.76600333333333,10,15.0,10.0,7.589775877246265,2.7323193158086556,False
45,1900-01-01 05:07:20,21.080658333333336,105.76605333333333,10,15.0,10.0,7.589774791067076,2.7323189247841477,False
46,1900-01-01 05:37:30,21.07579333333333,105.76700000000001,11,15.0,1810.0,547.3766398398693,1.0887049190185245,False
47,1900-01-01 05:37:40,21.075843333333335,105.76704999999998,11,15.0,10.0,7.589888553238273,2.7323598791657786,False
48,1900-01-01 05:37:50,21.075893333333337,105.7671,11,15.0,10.0,7.589887467881314,2.732359488437273,False
49,1900-01-01 05:38:00,21.07594333333333,105.76715,11,15.0,10.0,7.589886379110822,2.732359096479896,False
50,1900-01-01 05:38:10,21.075993333333333,105.76719999999999,11,15.0,10.0,7.58988529182411,2.7323587050566798,False
51,1900-01-01 06:08:20,21.0792,105.76448666666666,12,15.0,1810.0,453.23259591947163,0.9014570968564076,False
52,1900-01-01 06:08:30,21.079250000000002,105.76453666666666,12,15.0,10.0,7.589805265450049,2.732329895562018,False
53,1900-01-01 06:08:40,21.079299999999996,105.76458666666667,12,15.0,10.0,7.5898041788839725,2.73232950439823,False
54,1900-01-01 06:08:50,21.079349999999998,105.76463666666665,12,15.0,10.0,7.589803087016486,2.732329111325935,False
55,1900-01-01 06:09:00,21.079400000000003,105.76468666666666,12,15.0,10.0,7.589802003307508,2.7323287211907026,False
56,1900-01-01 06:39:10,21.07505,105.77645166666667,10,15.0,1810.0,1313.6053082249423,2.6126956406683934,False
57,1900-01-01 06:39:20,21.0751,105.77650166666666,10,15.0,10.0,7.5899206460517075,2.732371432578615,False
58,1900-01-01 06:39:30,21.07515,105.77655166666666,10,15.0,10.0,7.589919560979351,2.7323710419525664,False
59,1900-01-01 06:39:40,21.075200000000002,105.77660166666668,10,15.0,10.0,7.589918475378122,2.7323706511361237,False
60,1900-01-01 06:39:50,21.075249999999997,105.77665166666665,10,15.0,10.0,7.58991738534044,2.7323702587225585,False
61,1900-01-01 07:10:00,21.073958333333334,105.76971166666665,10,15.0,1810.0,735.0025196571105,1.4618834645113798,False
62,1900-01-01 07:10:10,21.074008333333335,105.76976166666667,10,15.0,10.0,7.589935534991156,2.732376792596816,False
63,1900-01-01 07:10:20,21.07405833333333,105.76981166666668,10,15.0,10.0,7.5899344468678756,2.732376400872435,False
64,1900-01-01 07:10:30,21.074108333333335,105.76986166666666,10,15.0,10.0,7.589933358635993,2.7323760091089575,False
65,1900-01-01 07:10:40,21.074158333333337,105.76991166666667,10,15.0,10.0,7.589932273821295,2.732375618575666,False
66,1900-01-01 07:40:50,21.07180166666667,105.76782,11,15.0,1810.0,339.4933788377735,0.6752354496220909,False
67,1900-01-01 07:41:00,21.071851666666664,105.76787,11,15.0,10.0,7.589982839090572,2.732393822072606,False
68,1900-01-01 07:41:10,21.07190166666667,105.76791999999999,11,15.0,10.0,7.589981752843757,2.7323934310237528,False
69,1900-01-01 07:41:20,21.07195166666667,105.76797,11,15.0,10.0,7.589980667240098,2.732393040206435,False
70,1900-01-01 07:41:30,21.072001666666665,105.76802,11,15.0,10.0,7.589979577889002,2.7323926480400407,False
71,1900-01-01 08:11:40,21.073991666666664,105.76528333333333,10,15.0,1810.0,359.64057404792857,0.7153072191008525,False
72,1900-01-01 08:11:50,21.07404166666667,105.76533333333333,10,15.0,10.0,7.589927874936157,2.7323740349770165,False
73,1900-01-01 08:12:00,21.074091666666664,105.76538333333335,10,15.0,10.0,7.589926787174986,2.732373643382995,False
74,1900-01-01 08:12:10,21.074141666666666,105.76543333333332,10,15.0,10.0,7.589925697095392,2.7323732509543412,False
75,1900-01-01 08:12:20,21.074191666666668,105.76548333333334,10,15.0,10.0,7.589924613207307,2.7323728607546305,False
76,1900-01-01 08:42:30,21.074646666666663,105.77146333333333,7,15.0,1810.0,623.2725579431107,1.2396581262956896,False
77,1900-01-01 08:42:40,21.074696666666668,105.77151333333335,7,15.0,10.0,7.5899222297312114,2.7323720027032365,False
78,1900-01-01 08:42:50,21.07474666666667,105.77156333333332,7,15.0,10.0,7.589921137940553,2.7323716096585993,False
79,1900-01-01 08:43:00,21.074796666666664,105.77161333333333,7,15.0,10.0,7.589920055069623,2.7323712198250645,False
80,1900-01-01 08:43:10,21.074846666666666,105.77166333333335,7,15.0,10.0,7.58991896692142,2.7323708280917116,False
81,1900-01-01 09:13:20,21.07763166666667,105.77574666666666,12,15.0,1810.0,524.3655135766168,1.0429369330805638,False
82,1900-01-01 09:13:30,21.077681666666663,105.77579666666666,12,15.0,10.0,7.589859376129396,2.7323493754065824,False
83,1900-01-01 09:13:40,21.07773166666667,105.77584666666668,12,15.0,10.0,7.589858290306975,2.7323489845105113,False
84,1900-01-01 09:13:50,21.07778166666667,105.77589666666667,12,15.0,10.0,7.589857201443587,2.7323485925196915,False
85,1900-01-01 09:14:00,21.077831666666665,105.77594666666667,12,15.0,10.0,7.589856115211606,2.7323482014761784,False
86,1900-01-01 09:44:10,21.074601666666663,105.77982333333333,10,15.0,1810.0,538.5139244103052,1.0710774187166292,False
87,1900-01-01 09:44:20,21.074651666666668,105.77987333333334,10,15.0,10.0,7.5899364089870325,2.732377107235332,False
88,1900-01-01 09:44:30,21.07470166666667,105.77992333333334,10,15.0,10.0,7.589935321975546,2.7323767159111965,False
89,1900-01-01 09:44:40,21.074751666666664,105.77997333333333,10,15.0,10.0,7.589934233070861,2.73237632390551,False
90,1900-01-01 09:44:50,21.074801666666666,105.78002333333333,10,15.0,10.0,7.5899331494399,2.732375933798364,False
91,1900-01-01 10:15:00,21.064923333333333,105.76947833333334,8,15.0,1810.0,1547.7620471893374,3.078421751315809,False
92,1900-01-01 10:15:10,21.064973333333334,105.76952833333334,8,15.0,10.0,7.590145659393829,2.7324524373817782,False
93,1900-01-01 10:15:20,21.065023333333336,105.76957833333333,8,15.0,10.0,7.590144573544364,2.732452046475971,False
94,1900-01-01 10:15:30,21.06507333333333,105.76962833333333,8,15.0,10.0,7.590143486253264,2.732451655051175,False
95,1900-01-01 10:15:40,21.065123333333336,105.76967833333335,8,15.0,10.0,7.590142401651699,2.7324512645946113,False
96,1900-01-01 10:45:50,21.069601666666667,105.77924666666668,10,15.0,1810.0,1110.7850626360748,2.2092962571767236,False
97,1900-01-01 10:46:00,21.069651666666665,105.77929666666665,10,15.0,10.0,7.590051994513429,2.7324187180248347,False
98,1900-01-01 10:46:10,21.069701666666667,105.77934666666667,10,15.0,10.0,7.590050912833891,2.732418328620201,False
99,1900-01-01 10:46:20,21.06975166666667,105.77939666666667,10,15.0,10.0,7.590049825084652,2.7324179370304744,False
100,1900-01-01 10:46:30,21.069801666666663,105.77944666666666,10,15.0,10.0,7.590048738398731,2.7324175458235436,False
